<?xml version="1.0" encoding="UTF-8"?>
<config xmlns:xsi="http://www.w3.org/2001/XMLSchema-instance" xsi:noNamespaceSchemaLocation="urn:magento:framework:ObjectManager/etc/config.xsd">
    <type name="Magento\Payment\Model\CcGenericConfigProvider">
        <arguments>
            <argument name="methodCodes" xsi:type="array">
                <item name="test_payment" xsi:type="const">Mageplaza\Payment\Model\Payment\Simple::CODE</item>
            </argument>
        </arguments>
    </type>
    <type name="Magento\Checkout\Model\CompositeConfigProvider">
        <arguments>
            <argument name="configProvider" xsi:type="array">
                <item name="mageplaza_config_provider" xsi:type="object">Mageplaza\Payment\Model\DefaultConfigProvider</item>
            </argument>
        </arguments>
    </type>
</config>
