<config xmlns:xsi="http://www.w3.org/2001/XMLSchema-instance" xsi:noNamespaceSchemaLocation="urn:magento:module:Magento_Config:etc/system_file.xsd">
    <system>
        <section id="payment">
            <group id="simple" translate="label comment" type="text" sortOrder="100" showInDefault="1" showInWebsite="1" showInStore="1">
                <label>Simple</label>
                <field id="active" translate="label" type="select" sortOrder="10" showInDefault="1" showInWebsite="1" showInStore="0">
                    <label>Enabled</label>
                    <source_model>Magento\Config\Model\Config\Source\Yesno</source_model>
                </field>
                <field id="api_key" translate="label" sortOrder="2" type="text" showInDefault="1" showInWebsite="0" showInStore="0">
                    <label>Api Key</label>
                </field>
                <field id="curl" translate="label" type="select" sortOrder="23" showInDefault="1" showInWebsite="0" showInStore="0">
                    <label>Curl caCERT</label>
                </field>
            </group>
        </section>
    </system>
</config>
